Date,0,1
2018-04-12,0.4451278304759564,20.864818837210997
2018-04-13,0.45940881859368654,20.87237280563574
2018-04-16,0.48044516899654627,20.880323864002573
2018-04-17,0.5031265582197295,20.887207923929267
2018-04-18,0.5280368540635687,20.89420353361602
2018-04-19,0.5543493792539829,20.901482060758294
2018-04-20,0.5812680530277886,20.909375480640986
2018-04-23,0.606690838513249,20.91785661073068
2018-04-24,0.6272905267804767,20.926026549049073
2018-04-26,0.6408671007323545,20.933612292045503
2018-04-27,0.6516545801338732,20.94137835713153
2018-04-30,0.6580901826970754,20.949143933412646
2018-05-01,0.6573002249995186,20.95678191090736
2018-05-02,0.6470066998426743,20.96376048200542
2018-05-03,0.627039875146463,20.970082905366027
2018-05-04,0.5991697241979045,20.975732545368157
2018-05-07,0.5650087389554077,20.980850505998834
2018-05-08,0.5255428552280339,20.985527362794095
2018-05-09,0.4805352143579028,20.98987904669418
2018-05-10,0.43087895427955314,20.994108341097082
2018-05-11,0.37724776708379926,20.998299368040428
2018-05-14,0.32011987153808674,21.002722735406568
2018-05-15,0.259408274961184,21.007340604731247
2018-05-16,0.19558297793477078,21.01203762252341
2018-05-17,0.1287752451461249,21.016989605282117
2018-05-18,0.059163575733808677,21.022259025854005
2018-05-21,-0.0121853762175817,21.027999801722054
2018-05-22,-0.08415445385153907,21.034309405546793
2018-05-23,-0.155513790939589,21.041174164187154
2018-05-24,-0.22496880321859816,21.04847640389416
2018-05-25,-0.29136467417455975,21.05609316828241
2018-05-28,-0.3537668214167998,21.063808792817326
2018-05-29,-0.4113125819823688,21.071631969767243
2018-05-30,-0.46389150415956815,21.079483357446446
2018-05-31,-0.5106453596352649,21.087552876405365
2018-06-01,-0.5513785709984663,21.09597356114079
2018-06-04,-0.5852938115187297,21.104701943218906
2018-06-05,-0.6123194623608034,21.11367251782764
2018-06-06,-0.6320892075346272,21.122885064043956
2018-06-07,-0.643853779496385,21.132360644141077
2018-06-08,-0.6475515102961147,21.142027517204486
2018-06-12,-0.6432215813910087,21.151841616264043
2018-06-13,-0.630979642475554,21.161782660681094
2018-06-14,-0.610764410901246,21.171841594035268
2018-06-15,-0.5827874339372212,21.18207179718214
2018-06-18,-0.5478674074507761,21.192357761517407
2018-06-19,-0.5070478411917978,21.202530634119416
2018-06-20,-0.4610457387788735,21.21263399655309
2018-06-21,-0.41143147167257577,21.222588175882883
2018-06-22,-0.35937433176979927,21.232353904248434
2018-06-25,-0.3061439658220791,21.24191178685321
2018-06-26,-0.25201415316290454,21.251334036644856
2018-06-27,-0.19783074039289494,21.260585586538415
2018-06-28,-0.1440939200818307,21.269726979672832
2018-06-29,-0.09167774997262874,21.278679834727065
2018-07-02,-0.04100471859655275,21.287447319663993
2018-07-03,0.007446628710007258,21.296022251437797
2018-07-04,0.052659420906046646,21.304443085873626
2018-07-05,0.0947798679270504,21.312747702664836
2018-07-06,0.13343579664193858,21.32087492984704
2018-07-09,0.16800430876322575,21.328703505238774
2018-07-10,0.19832852288121772,21.33624945820588
2018-07-11,0.22460945688656297,21.34354938713359
2018-07-12,0.24719482730261483,21.35092278399453
2018-07-13,0.2655564594219159,21.357911335684673
2018-07-16,0.28028081573347813,21.364535777872643
2018-07-17,0.29234733917383676,21.370762321014258
2018-07-18,0.3020802920563859,21.37652757362645
2018-07-19,0.3099214821414088,21.38171919499328
2018-07-20,0.3158833780512446,21.386277597905078
2018-07-23,0.3199355787902314,21.390144132271402
2018-07-24,0.3226229751484371,21.393465887574596
2018-07-25,0.3241137687732936,21.396269834597994
2018-07-26,0.3251398310330387,21.39843173564187
2018-07-27,0.32605479178371105,21.39991380677637
2018-07-30,0.3264220820972901,21.400676606798875
2018-07-31,0.3267205598638294,21.400726433010433
2018-08-01,0.3270202411807545,21.400112889342672
2018-08-02,0.32821572369700536,21.398986950018205
2018-08-03,0.3308219810233757,21.397389434993155
2018-08-06,0.33527602135816525,21.39537022956566
2018-08-07,0.34130178098759617,21.39293091636055
2018-08-08,0.34879627208226055,21.389971983780573
2018-08-09,0.3577778795176433,21.386529389447652
2018-08-10,0.3674474735373508,21.382512928616677
2018-08-13,0.3773530585077476,21.377949205864972
2018-08-14,0.38760907238861386,21.372910568184125
2018-08-15,0.3971354007732903,21.367227561734502
2018-08-16,0.4051763448958574,21.360806672947014
2018-08-17,0.4114440424237041,21.35346993308707
2018-08-20,0.41602387133126495,21.345051527184886
2018-08-21,0.4191594346259728,21.33553940396463
2018-08-22,0.42169858619562917,21.32501828489552
2018-08-23,0.4244396460205766,21.31354697449805
2018-08-24,0.4283368670146766,21.30137678506652
2018-08-27,0.4335112603588243,21.288535842841736
2018-08-28,0.43966698387410447,21.275084155106704
2018-08-29,0.4461168786382415,21.260910830841325
2018-08-30,0.45168434218981063,21.245847650602396
2018-08-31,0.4566531937011484,21.229992086578804
2018-09-03,0.4607569409601613,21.21334236415491
2018-09-04,0.46387270320552865,21.195871281157476
2018-09-05,0.46647610259945743,21.177535948479843
2018-09-06,0.4688515789220302,21.15840813068576
2018-09-07,0.47108936200026225,21.138468590122745
2018-09-10,0.4732341537225437,21.11770026570002
2018-09-11,0.47556164200786244,21.096085783575763
2018-09-12,0.47762060218350744,21.07356923037028
2018-09-13,0.4795454191173421,21.05013424332517
2018-09-14,0.48141763387835473,21.025987757662154
2018-09-17,0.4825184616080191,21.001191199763348
2018-09-18,0.4816414012549537,20.97580452697482
2018-09-19,0.4781834481542742,20.949775959027992
2018-09-20,0.47114640455458584,20.923063554855755
2018-09-21,0.4604464815385309,20.89554933817384
2018-09-24,0.44573067820961815,20.867330071781087
2018-09-25,0.4265940087271245,20.838304798552628
2018-09-26,0.4029686954604619,20.808510497807948
2018-09-27,0.3749067540696145,20.778002188484177
2018-09-28,0.34230836730204983,20.74691351683513
2018-10-01,0.3036835334142154,20.71524732603012
2018-10-02,0.259539562151687,20.683037609974413
2018-10-03,0.2105061497467427,20.65030048307364
2018-10-04,0.1569900672376121,20.617260009978107
2018-10-05,0.09918137298353374,20.583918573026622
2018-10-08,0.03758714424606832,20.550309212180906
2018-10-09,-0.0265116615825901,20.5165679065969
2018-10-10,-0.09211586155506084,20.482919402096723
2018-10-11,-0.1586297242512661,20.449321228832147
2018-10-12,-0.22372459450804802,20.415988997154894
2018-10-15,-0.28647407126442676,20.382993735187362
2018-10-16,-0.3452422416722525,20.350514858130477
2018-10-17,-0.3996714490906382,20.31854721424889
2018-10-18,-0.4491781680654322,20.28712011834632
2018-10-19,-0.49329755360962363,20.256189506296984
2018-10-22,-0.5313728908298748,20.225796420428434
2018-10-23,-0.5624333575221386,20.195936495272395
2018-10-24,-0.5854742880000526,20.16671418327873
2018-10-25,-0.6004216539885208,20.13820006656215
2018-10-26,-0.6059305254050074,20.11065409912653
2018-10-29,-0.6023795842044031,20.083917010241308
2018-10-30,-0.5905526438384328,20.057817606276814
2018-10-31,-0.571089850432187,20.03218562357537
2018-11-01,-0.5447823098653185,20.00693495035575
2018-11-02,-0.5128349249862574,19.982077134005415
2018-11-05,-0.4761958871151494,19.95787029510508
2018-11-06,-0.43611676183721165,19.93416002362864
2018-11-07,-0.39443180253632604,19.910958410213773
2018-11-08,-0.35263304903249487,19.88816291126255
2018-11-09,-0.31170477388430495,19.86564323842921
2018-11-12,-0.27268152221106934,19.843464858009277
2018-11-13,-0.23661689897419919,19.821724703616354
2018-11-14,-0.2035270919488027,19.800577125029402
2018-11-15,-0.17292651488056543,19.780260329215945
2018-11-16,-0.1453867001355711,19.760778932374773
2018-11-19,-0.1213177377114518,19.7421921510121
2018-11-20,-0.10071773027823885,19.72450233396069
2018-11-21,-0.084651760850362,19.707527088300903
2018-11-22,-0.0737253937993736,19.69120413015892
2018-11-23,-0.06869804094585416,19.67546417285197
2018-11-26,-0.07027190298102248,19.660240172086922
2018-11-27,-0.07888906078979255,19.64561922914099
2018-11-28,-0.09497888405575788,19.631517810107667
2018-11-29,-0.1181910430944687,19.617943500486174
2018-11-30,-0.14796175297804487,19.604912279799386
2018-12-03,-0.18290889049569842,19.592514593669705
2018-12-04,-0.22209991251347966,19.58076411496723
2018-12-05,-0.2640982997029791,19.569780843274344
2018-12-06,-0.307295263138834,19.55957152680996
2018-12-07,-0.3500186794528356,19.55019625497419
2018-12-10,-0.39131938468453614,19.541622082538055
2018-12-11,-0.42869210798849616,19.53404047363427
2018-12-12,-0.46128309496211917,19.527338516839826
2018-12-13,-0.4892080445379834,19.521392498789705
2018-12-14,-0.5122426896585087,19.51614014644293
2018-12-17,-0.5288203396905773,19.511726641060278
2018-12-18,-0.538270992862907,19.508269747112458
2018-12-19,-0.5393070085421015,19.50590349271085
2018-12-20,-0.532287060730148,19.504559774630565
2018-12-21,-0.5167517280210403,19.504298766999334
2018-12-24,-0.49242923191032595,19.505208301963464
2018-12-27,-0.45998549830630253,19.507255098799302
2018-12-28,-0.42107060961011533,19.510255989289305
2018-12-31,-0.378123688752559,19.51408582752933
2019-01-02,-0.33227365317851837,19.518675395125275
2019-01-03,-0.28346754076280034,19.524175849859553
2019-01-04,-0.23332201465260796,19.530414767742805
2019-01-07,-0.18293740333404906,19.537345174908147
2019-01-08,-0.13371899889372482,19.544789342435127
2019-01-09,-0.08695606916368247,19.552569845064603
2019-01-10,-0.043680148759173046,19.5605612111183
2019-01-11,-0.004746956976252242,19.56877293322743
2019-01-14,0.029607853696198852,19.57705453096424
2019-01-15,0.05855085921887472,19.58539046385967
2019-01-16,0.08168160828286522,19.593709055447317
2019-01-17,0.0984862474110792,19.60204154296763
2019-01-18,0.10878537548053578,19.61043423653499
2019-01-21,0.11244999245540503,19.6188763777031
2019-01-22,0.10967487152616862,19.627364447259307
2019-01-23,0.10153294165138815,19.636051598990825
2019-01-24,0.08881335109386868,19.6449119406384
2019-01-25,0.07206062819734568,19.653868737343288
2019-01-29,0.051858731778782495,19.66271661078865
2019-01-30,0.029860259179472055,19.67176976753496
2019-01-31,0.006845060969741721,19.681066690068384
2019-02-01,-0.015510650547208129,19.690788282610743
2019-02-04,-0.03634255682494932,19.701032878629974
2019-02-05,-0.05541916451107624,19.711714484766983
2019-02-06,-0.0740530012539251,19.722421644572933
2019-02-07,-0.0908301282785021,19.73334915227597
2019-02-08,-0.10588421216574682,19.74443019898561
2019-02-11,-0.11810088795900031,19.75567533107357
2019-02-12,-0.12594435368482862,19.767181197904637
2019-02-13,-0.12869691355395468,19.779006711460518
2019-02-14,-0.12646428771361629,19.791058294278393
2019-02-15,-0.11854717901544709,19.80326528747939
2019-02-18,-0.10546403148990202,19.81591151660261
2019-02-19,-0.08758818185154546,19.829068412863823
2019-02-20,-0.06615602172170781,19.84254152062767
2019-02-21,-0.041299492877411255,19.856247427847947
2019-02-22,-0.01411227079039551,19.870186316408518
2019-02-25,0.014736126734756314,19.884394716309696
2019-02-26,0.04428025065271461,19.89896975909014
2019-02-27,0.07388036222754976,19.914064876316207
2019-02-28,0.10225581168822381,19.929642339451654
2019-03-01,0.12790467359085242,19.945627240785345
2019-03-04,0.15023474449795152,19.961986114481643
2019-03-05,0.168562956141732,19.978719630048683
2019-03-06,0.1822832497532044,19.99578470384457
2019-03-07,0.1905998044521097,20.013121372567554
2019-03-08,0.19284242570318727,20.030629499274752
2019-03-11,0.18952277767039447,20.0484528297227
2019-03-12,0.1808378226110585,20.06650296539994
2019-03-13,0.16717860438962473,20.08483848871517
2019-03-14,0.14933165606961465,20.10332413880098
2019-03-15,0.1277647198353083,20.121993828612503
2019-03-18,0.102397703158464,20.140884342395193
2019-03-19,0.07378114491543819,20.160097535201665
2019-03-20,0.04286411544375366,20.17964240180547
2019-03-21,0.009999737379542656,20.199423165577176
2019-03-22,-0.023936259878382146,20.219418232196514
2019-03-25,-0.058760506857342104,20.239594671653215
2019-03-26,-0.09335448414055234,20.259963665261946
2019-03-27,-0.1273097393133145,20.280464958041854
2019-03-28,-0.16050324214542827,20.301057948141903
2019-03-29,-0.19290044043912857,20.32181803349972
2019-04-01,-0.2246274567022481,20.342741093680797
2019-04-02,-0.2556397817859477,20.36384417830053
2019-04-03,-0.2857503598062868,20.38507049759191
2019-04-04,-0.3147205491725545,20.406521725267964
2019-04-05,-0.3418783036899599,20.42823481681507
2019-04-08,-0.36629515862200224,20.45038927996809
2019-04-09,-0.3877285873313673,20.473111716934877
2019-04-10,-0.40598021734214595,20.496527265498823
2019-04-11,-0.42112569969353447,20.520636249113124
2019-04-12,-0.4326616937579262,20.54547614545425
2019-04-15,-0.4411413988811046,20.570930379509175
2019-04-16,-0.44696301810108374,20.59697330380777
2019-04-17,-0.4505840200697479,20.623544078832655
2019-04-18,-0.4527548134485442,20.650675021597273
2019-04-23,-0.45358593041357226,20.678380641785814
2019-04-24,-0.4533509228986571,20.70669128926327
2019-04-26,-0.4527002411089935,20.735519179523184
2019-04-29,-0.4515909988051879,20.764902686130913
2019-04-30,-0.44928862053180735,20.794923931481794
2019-05-01,-0.44541891138934553,20.825670505935502
2019-05-02,-0.44051055442521614,20.856886074412163
2019-05-03,-0.43398367426709505,20.888571710549677
2019-05-06,-0.4253073164062393,20.920687863684588
2019-05-07,-0.4145813308497206,20.95309210988202
2019-05-08,-0.4011831295227729,20.98579428933981
2019-05-09,-0.3847412500602085,21.018854578898626
2019-05-10,-0.3650115643848191,21.052203405123525
2019-05-13,-0.3418433301653052,21.085899632511957
2019-05-14,-0.3137321286732513,21.12009638118755
2019-05-15,-0.279584484142907,21.15488415692998
2019-05-16,-0.23940526594499095,21.190199076948176
2019-05-17,-0.19320355815067544,21.226108850812942
2019-05-20,-0.14026467163257672,21.262520488361762
2019-05-21,-0.08550672721603832,21.29868971034474
2019-05-22,-0.030448871672871865,21.334493114639113
2019-05-23,0.024245196395891046,21.37005751494654
2019-05-24,0.07888518913459354,21.405481689615943
2019-05-27,0.13257908887983555,21.44083758030262
2019-05-28,0.18460275841961155,21.47610228159146
2019-05-29,0.2336282609353979,21.511093672391898
2019-05-30,0.2783457925824172,21.545728898393286
2019-05-31,0.3179825122063037,21.579933322321892
2019-06-03,0.3519038109278386,21.61380711507311
2019-06-04,0.37999604981948765,21.647475583423976
2019-06-05,0.4017472372839607,21.680900706692473
2019-06-06,0.4165036333991615,21.714010824466737
2019-06-07,0.4239593990862793,21.746796248819894
2019-06-11,0.42379758834430825,21.7792764198934
2019-06-12,0.415619049562191,21.811309065665984
2019-06-13,0.4003121375516042,21.843038528589997
2019-06-14,0.37842475593638564,21.87453879929977
2019-06-17,0.3512861246386208,21.90596535556235
2019-06-18,0.3199059622144395,21.937370978160928
2019-06-19,0.2850134417737167,21.968798652810538
2019-06-20,0.24745929130763328,22.000177974530136
2019-06-21,0.2080617505161839,22.0314578381957
2019-06-24,0.16825865642013,22.062675194067847
2019-06-25,0.12899768850309382,22.09380576397748
2019-06-26,0.09144217983687408,22.12501176122197
2019-06-27,0.05715315196946791,22.15629892962634
2019-06-28,0.02697415158114655,22.187696235586824
2019-07-01,0.0018796006099279505,22.219240534692563
2019-07-02,-0.017500450924123473,22.250902115562322
2019-07-03,-0.029807473161693465,22.28283460820059
2019-07-04,-0.03482202921949837,22.31497266977304
2019-07-05,-0.0328807918154668,22.34721553237638
2019-07-08,-0.023792580178068817,22.379375464795487
2019-07-09,-0.006707119574789949,22.411294811544472
2019-07-10,0.01840586167078337,22.442898639838393
2019-07-11,0.05058819847977736,22.474104017614895
2019-07-12,0.08842785120484609,22.504815449145166
2019-07-15,0.13081495342418303,22.535013766059887
2019-07-16,0.17698806751513144,22.5647106365766
2019-07-17,0.2259303608444586,22.594073602941542
2019-07-18,0.27588077356216356,22.62312252430446
2019-07-19,0.32530194543094826,22.651920913183453
2019-07-22,0.3710808073937686,22.680358397629416
2019-07-23,0.4116341080753544,22.70841590868908
2019-07-24,0.4449145714238014,22.73596527218931
2019-07-25,0.4685040477281497,22.76289148169274
2019-07-26,0.4807312805387881,22.78911079065353
2019-07-29,0.4813020670936994,22.81459760167384
2019-07-30,0.46956907614913385,22.839325356063785
2019-07-31,0.4450522998888484,22.863387286600467
2019-08-01,0.4083266333779746,22.88681951994166
2019-08-02,0.3596411057555473,22.909553311888963
2019-08-05,0.30011715697033653,22.93165599000562
2019-08-06,0.23181132954535827,22.953186695990457
2019-08-07,0.15770063452936933,22.97437558703335
2019-08-08,0.07913730973593376,22.995015138500076
2019-08-09,-0.002347087082151353,23.01513027567905
2019-08-12,-0.08459350038205538,23.034638845783025
2019-08-13,-0.1661164943860801,23.0535534595236
2019-08-14,-0.2449419487141472,23.07193064559313
2019-08-15,-0.31940852563925254,23.089841566977878
2019-08-16,-0.38586228537363154,23.10762710899213
2019-08-19,-0.4438697605421158,23.125525612690037
2019-08-20,-0.4925622779707792,23.143504764126536
2019-08-21,-0.5309319372206618,23.161469540050188
2019-08-22,-0.5572868717395549,23.179351061793355
2019-08-23,-0.5714154140115038,23.197044521098636
2019-08-26,-0.5723842265967216,23.21439207113166
2019-08-27,-0.55936108323352,23.23155835697406
2019-08-28,-0.5329970036299442,23.248486577814916
2019-08-29,-0.49271148228002765,23.26530506193379
2019-08-30,-0.43945102748165027,23.28196401139712
2019-09-02,-0.37464636957023456,23.29832346850265
2019-09-03,-0.29935300848507373,23.31441679965912
2019-09-04,-0.21484073959149508,23.33022538308189
2019-09-05,-0.12260752039073768,23.34577843471196
2019-09-06,-0.024599191311907527,23.360926597613506
2019-09-09,0.07699357447288599,23.375522194911504
2019-09-10,0.17964350513000366,23.38951390505277
2019-09-11,0.28053291519950696,23.402711375416434
2019-09-12,0.37732259939750024,23.414926296820592
2019-09-13,0.4681531529732887,23.42598905233152
2019-09-16,0.5511036682887688,23.435847709865474
2019-09-17,0.6250885885730267,23.44447316461211
2019-09-18,0.6885543598053993,23.451896751497056
2019-09-19,0.7410277341672316,23.458237773624266
2019-09-20,0.7816542402025168,23.46343317976153
2019-09-23,0.8092921123607268,23.46723103034511
2019-09-24,0.8244093652987494,23.469564796573792
2019-09-25,0.8270720955045111,23.47033749438741
2019-09-26,0.818072434852853,23.469534254891872
2019-09-27,0.7985209780706454,23.467194859974388
2019-09-30,0.7698375579019404,23.463286317203483
2019-10-01,0.7337129164296573,23.45788158641879
2019-10-02,0.6916966606924635,23.45098116032768
2019-10-03,0.6469942331552899,23.442873209374014
2019-10-04,0.6036238844551733,23.433970587763685
2019-10-07,0.5635473971921886,23.424284862462457
2019-10-08,0.5277933132739805,23.413899778245895
2019-10-09,0.4971064747375378,23.402781436357387
2019-10-10,0.47253775058569325,23.390955056659504
2019-10-11,0.454963227417024,23.378429685966477
2019-10-14,0.44454787550104313,23.365090399621195
2019-10-15,0.44110346062386746,23.350919252520946
2019-10-16,0.4444061718964296,23.335898171895163
2019-10-17,0.4529715909153663,23.320011642899473
2019-10-18,0.4663868105889936,23.303300050533856
2019-10-21,0.48414427127837134,23.285900249426682
2019-10-22,0.5050837916183989,23.267888073391926
2019-10-23,0.5279066557368601,23.249261468787715
2019-10-24,0.5520509633520446,23.23004957586088
2019-10-25,0.5761129856873809,23.210236301979485
2019-10-28,0.5986998932731855,23.18972425844411
2019-10-29,0.6188184799703292,23.168537575779276
2019-10-30,0.6354633692322682,23.146737326437062
2019-10-31,0.6481265132531181,23.12436725615355
2019-11-01,0.6568760090984266,23.101412586001963
2019-11-04,0.6614993653144211,23.077840499973412
2019-11-05,0.6627861283470144,23.053991822099587
2019-11-06,0.6594434513828242,23.02987699439376
2019-11-07,0.6509608015161923,23.005497915869995
2019-11-08,0.6353207613721383,22.980586110520118
2019-11-11,0.6119321545603041,22.955127695816934
2019-11-12,0.5794631816228807,22.92900283366865
2019-11-13,0.5374248571724125,22.90202357580725
2019-11-14,0.4860982249681136,22.874544424850015
2019-11-15,0.4259961604271291,22.846658989195358
2019-11-18,0.3578102028511837,22.81846131561371
2019-11-19,0.2828950911029422,22.790060330026797
2019-11-20,0.20190041878074066,22.761547183798136
2019-11-21,0.11763798639234775,22.733279642346925
2019-11-22,0.031333573710079006,22.70516916317602
2019-11-25,-0.05599754790716624,22.67722083150175
2019-11-26,-0.142671140928918,22.649325086684104
2019-11-27,-0.2279306357785407,22.621407913288174
2019-11-28,-0.31085039488241556,22.59334290500078
2019-11-29,-0.39045421473185266,22.564988267049685
2019-12-02,-0.4652880679108834,22.536395732661852
2019-12-03,-0.5345437107058083,22.507367397662907
2019-12-04,-0.5968202565497396,22.478156105498925
2019-12-05,-0.6502756539675675,22.448762567617496
2019-12-06,-0.6955360944791199,22.418625339410617
2019-12-09,-0.73325526939516,22.388045007170284
2019-12-10,-0.7633553109183465,22.356806480635242
2019-12-11,-0.7848502960085086,22.32475142902377
2019-12-12,-0.7986400125603128,22.291949532254385
2019-12-13,-0.8038428090221947,22.258030625423782
2019-12-16,-0.8025098557615452,22.22311395481142
2019-12-17,-0.795868165076815,22.186750402734607
2019-12-18,-0.7841451149634688,22.148686879649453
2019-12-19,-0.7682678628697738,22.109329180457465
2019-12-20,-0.7476195137625803,22.068402002220335
2019-12-23,-0.7227677000910665,22.026112737349955
2019-12-24,-0.6946712368677406,21.982777570762845
2019-12-27,-0.6638992654636102,21.938456955828133
2019-12-30,-0.6305091334080497,21.892892767309906
2019-12-31,-0.5948888595343538,21.846331081994066
2020-01-02,-0.5564722579660508,21.798963470010758
2020-01-03,-0.514727357004781,21.750731744180154
2020-01-06,-0.46890353058004874,21.701153675142805
2020-01-07,-0.41782925954517236,21.650189385655963
2020-01-08,-0.36197802709899735,21.597885797208352
2020-01-09,-0.3002750201929293,21.544239821872278
2020-01-10,-0.23152545752118636,21.489073076599762
2020-01-13,-0.1552358170076379,21.432491352931198
2020-01-14,-0.0706415548086188,21.374631400627976
2020-01-15,0.02282648539931137,21.315492282011085
2020-01-16,0.1259206713630467,21.25496804173292
2020-01-17,0.23882814228598254,21.19309044372598
2020-01-20,0.36215751933419565,21.12972831123596
2020-01-21,0.49623919702195934,21.064718638752762
2020-01-22,0.6410304229855169,20.998099509453294
2020-01-23,0.7965546593389741,20.929859188932586
2020-01-24,0.9626278187522297,20.859985557668494
2020-01-28,1.1383374606091783,20.78846047579764
2020-01-29,1.3232859877695538,20.715306506057747
2020-01-30,1.5153449847938225,20.64064423769609
2020-01-31,1.712367083988603,20.564574974051062
2020-02-03,1.912559046524815,20.486955655595676
2020-02-04,2.1143328701784547,20.40794440740636
2020-02-05,2.3145345712546255,20.327572362439223
2020-02-06,2.510447304566462,20.24559697352429
2020-02-07,2.6980096873790873,20.161826244301736
2020-02-10,2.8738750516616123,20.076229786174455
2020-02-11,3.034614092930205,19.98897547355662
2020-02-12,3.1764854015618296,19.899921222586602
2020-02-13,3.295209029773634,19.80907784873811
2020-02-14,3.3866018573330168,19.71624649676957
2020-02-17,3.4454723590102376,19.621044390379627
2020-02-18,3.4693435139192874,19.523403647995632
2020-02-19,3.4557596262927475,19.423359886918853
2020-02-20,3.4028050606761724,19.3208532594777
2020-02-21,3.308940346343519,19.215816745626114
2020-02-24,3.1737332538927507,19.10802368868848
2020-02-25,2.997622317341333,18.997675979288452
2020-02-26,2.781519579435777,18.88509141769023
2020-02-27,2.5274713694622335,18.770753075543734
2020-02-28,2.2377117876776245,18.65501317948438
2020-03-02,1.9168465842190359,18.53800383680049
2020-03-03,1.5692655696878668,18.420027233512865
2020-03-04,1.1993285660539121,18.301152295037422
2020-03-05,0.8126770969996011,18.181944347208546
2020-03-06,0.4133810797526776,18.062329236683826
2020-03-09,0.008835603489369154,17.94287137641058
2020-03-10,-0.3926500312097642,17.82469864106173
2020-03-11,-0.7889095337731287,17.70733016796191
2020-03-12,-1.1721163202922131,17.59109362995719
2020-03-13,-1.5339927190401859,17.47651491865006
2020-03-16,-1.871435942614939,17.36338144705185
2020-03-17,-2.175996941946311,17.252779162023025
2020-03-18,-2.4479512510526575,17.144338387970862
2020-03-19,-2.6826090921490993,17.038616157143732
2020-03-20,-2.875269667408048,16.936197760552336
2020-03-23,-3.0280956319325822,16.836599370928052
2020-03-24,-3.136994992903367,16.740503132249184
2020-03-25,-3.204204638821284,16.647633160559693
2020-03-26,-3.234593998959691,16.557242217984463
2020-03-27,-3.231565771979469,16.46928912793603
2020-03-30,-3.1954975542775195,16.38416456412789
2020-03-31,-3.132621512611037,16.301371629939087
2020-04-01,-3.047543855975349,16.2207695049687
2020-04-02,-2.944921402440223,16.142303501431996
2020-04-03,-2.826475934097021,16.066379856678598
2020-04-06,-2.695251160247631,15.993116781219854
2020-04-07,-2.557253930489959,15.922144728865339
2020-04-08,-2.415310002017904,15.853513862691367
2020-04-09,-2.27114741847718,15.787579598272984
2020-04-14,-2.1297559813945184,15.724005231250256
2020-04-15,-1.9952615248585248,15.662660490663528
2020-04-16,-1.8703916034598584,15.603514889986295
2020-04-17,-1.75633151247794,15.546764555142408
2020-04-20,-1.654845871851859,15.492378877530792
2020-04-21,-1.566004934654961,15.440553841014728
2020-04-22,-1.4893488749804404,15.391413172060302
2020-04-23,-1.4256833598472487,15.344962863862879
2020-04-24,-1.3740547809042591,15.301249705664498
2020-04-27,-1.3336967663066703,15.260278502075112
2020-04-28,-1.3032807283365528,15.222018160916392
2020-04-29,-1.2800686715696177,15.186610698897892
2020-04-30,-1.2645750172465884,15.153668520004459
2020-05-01,-1.2564520846786635,15.122981838708043
2020-05-04,-1.2521336618978478,15.094761261308674
2020-05-05,-1.2497373410236847,15.068688375573076
2020-05-06,-1.2479192455219554,15.04439480525315
2020-05-07,-1.2433949198370717,15.022101940745383
2020-05-08,-1.2330297436348934,15.00199475148063
2020-05-11,-1.2144374097766542,14.984156659207
2020-05-12,-1.1854791998635439,14.968583844011164
2020-05-13,-1.143776864200531,14.95561329670659
2020-05-14,-1.0887578291598705,14.945333913511732
2020-05-15,-1.019020487102678,14.938086143273612
2020-05-18,-0.9350221712631592,14.93389945109684
2020-05-19,-0.8362225935035064,14.93293177553641
2020-05-20,-0.7237580643925448,14.934939765864312
2020-05-21,-0.5987665606027999,14.939850795489827
2020-05-22,-0.46244362053238786,14.947780431458018
2020-05-25,-0.3158543413756145,14.958767914946343
2020-05-26,-0.1617189381622755,14.972557765835552
2020-05-27,-0.004104185586670361,14.988668867597019
2020-05-28,0.15157831067278368,15.006572810917636
2020-05-29,0.3013096358218361,15.025760117795645
2020-06-01,0.4457572537147469,15.046446238432075
2020-06-02,0.582776278964119,15.068462405402586
2020-06-03,0.7108348855528417,15.09176583308367
2020-06-04,0.8268206036406749,15.115689142977121
2020-06-05,0.9287272434157379,15.14019459200549
2020-06-09,1.0144744210985674,15.164817982950789
2020-06-10,1.0817412103008854,15.188606583355611
2020-06-11,1.1304335037418511,15.211959644702088
2020-06-12,1.163514729114883,15.235134209775914
2020-06-15,1.1831139130354478,15.25788465153666
2020-06-16,1.1907934241292808,15.280459592351937
2020-06-17,1.18619866588385,15.302000121715789
2020-06-18,1.169324539915694,15.322747352754453
2020-06-19,1.1420322268337195,15.342469312694453
2020-06-22,1.1060924344285465,15.360902090399254
2020-06-23,1.061861630588078,15.378269332714579
2020-06-24,1.0113304938716647,15.394234018480928
2020-06-25,0.9557471728390972,15.40890156941778
2020-06-26,0.8974008597736888,15.422764071283272
2020-06-29,0.8358458852888934,15.435787297080767
2020-06-30,0.7731126275178045,15.447894220313476
2020-07-01,0.7089742218504841,15.459551339606712
2020-07-02,0.6433601701569137,15.470656464914615
2020-07-03,0.5761919950863006,15.481088047994504
2020-07-06,0.5090653660519888,15.490639467475125
2020-07-07,0.44284822975663474,15.499264037700618
2020-07-08,0.37883153366531275,15.507228036777619
2020-07-09,0.3182611376700621,15.514769517150471
2020-07-10,0.26157519956001574,15.521696549895493
2020-07-13,0.20913279487597292,15.528332853782993
2020-07-14,0.1601279580912995,15.53467668788069
2020-07-15,0.11482690603740855,15.540764970379229
2020-07-16,0.07308526567296111,15.546550935145829
2020-07-17,0.03495736212765552,15.552185407000234
2020-07-20,0.0004982925707024966,15.55751659094761
2020-07-21,-0.02966952049981364,15.562622657341443
2020-07-22,-0.05695332378997492,15.567360195521111
2020-07-23,-0.08123392853747308,15.571795696338329
2020-07-24,-0.10300391908901882,15.57583920492304
2020-07-27,-0.12203337029697034,15.57966825491733
2020-07-28,-0.1383362081580638,15.583181602599053
2020-07-29,-0.152460083557366,15.58663620882102
2020-07-30,-0.1655021703870126,15.590009691689183
2020-07-31,-0.17725470532192208,15.59316177523646
2020-08-03,-0.18683125618685642,15.596318120243536
2020-08-04,-0.19274883900836862,15.599849006942966
2020-08-05,-0.195554017450905,15.603579067643206
2020-08-06,-0.19487904684312218,15.607576252114722
2020-08-07,-0.19132198985567542,15.611770437287547
2020-08-10,-0.18492936908983545,15.616130965707535
2020-08-11,-0.1773872639279255,15.62047155803218
2020-08-12,-0.17031030337702077,15.624691434295565
2020-08-13,-0.16505910196699097,15.628569303825108
2020-08-14,-0.1620666335446067,15.632600415037453
2020-08-17,-0.162388719705865,15.636752022012196
2020-08-18,-0.16530218968454485,15.641251523569386
2020-08-19,-0.1707899228446207,15.6461623234084
2020-08-20,-0.17991199652982115,15.651430984461427
2020-08-21,-0.1924249825865348,15.657157056586678
2020-08-24,-0.20863811823688821,15.663552431411278
2020-08-25,-0.22877511894251135,15.67095155142238
2020-08-26,-0.2550053341075803,15.679321691785429
2020-08-27,-0.28666172412816204,15.688974128152644
2020-08-28,-0.3226795377494417,15.69991297068998
2020-08-31,-0.3631532111932786,15.712272020097283
2020-09-01,-0.40718835917085316,15.725909464132233
2020-09-02,-0.4529617829042116,15.741201815333927
2020-09-03,-0.5000785050905946,15.758005408423253
2020-09-04,-0.5485479369588246,15.776357992060076
2020-09-07,-0.5964459325810253,15.796704245933235
2020-09-08,-0.643325147539841,15.818855603288483
2020-09-09,-0.688643504285892,15.842481689371049
2020-09-10,-0.730312090220045,15.867705616685917
2020-09-11,-0.7671569557061715,15.89448596421593
2020-09-14,-0.7984862094902376,15.923090473273923
2020-09-15,-0.8245247430119707,15.953455880832387
2020-09-16,-0.8442270346006779,15.985601271503945
2020-09-17,-0.8574549765697944,16.01955578470185
2020-09-18,-0.8645543890190681,16.055237778028637
2020-09-21,-0.8657063636352975,16.09267857111881
2020-09-22,-0.8606588427190554,16.132016918557312
2020-09-23,-0.8484852330963254,16.173181277942295
2020-09-24,-0.831112233405075,16.21605303462512
2020-09-25,-0.8091769510374938,16.260455733838384
2020-09-28,-0.7864061015385531,16.3059073546454
2020-09-29,-0.7633713943791245,16.352552525442487
2020-09-30,-0.740680708151419,16.40055146808387
2020-10-01,-0.7181897785377337,16.449995930198334
2020-10-02,-0.696615384391883,16.50074647242467
2020-10-05,-0.6757485655534023,16.55294646851796
2020-10-06,-0.6576311031939598,16.606156854722713
2020-10-07,-0.6427353205464067,16.66031100830249
2020-10-08,-0.6323770201108716,16.715347232568003
2020-10-09,-0.6272748564142856,16.771332154343416
2020-10-12,-0.6270630071062748,16.828249991612626
2020-10-13,-0.6322588597296085,16.886042287047058
2020-10-14,-0.643140196065734,16.94453155771421
2020-10-15,-0.6584129970114985,17.003900603666242
2020-10-16,-0.6773998064249513,17.06410888847423
2020-10-19,-0.698820641127077,17.125150540827995
2020-10-20,-0.7217665816554959,17.186996025546538
2020-10-21,-0.7441478722208735,17.24973925276627
2020-10-22,-0.7650877086454744,17.3132762277259
2020-10-23,-0.7825357980344994,17.377599853835004
2020-10-26,-0.7949934366161264,17.442648807451732
2020-10-27,-0.8003610221143984,17.508592059872754
2020-10-28,-0.7962582904740033,17.57545501003221
2020-10-29,-0.7803574834683342,17.643144490240598
2020-10-30,-0.7505456058417329,17.711685409736255
2020-11-02,-0.706079902966058,17.781217103892402
2020-11-03,-0.6469305061345846,17.851697164756505
2020-11-04,-0.573012497519042,17.92311677131802
2020-11-05,-0.4840223471273669,17.99566376980242
2020-11-06,-0.3820799566397331,18.06923142776815
2020-11-09,-0.2684764056643587,18.143702216738546
2020-11-10,-0.14473400516683327,18.219069328768732
2020-11-11,-0.015619053260435695,18.294631635996524
2020-11-12,0.11612041422632657,18.370162955718097
2020-11-13,0.24959862146797573,18.445737976550998
2020-11-16,0.3834477770566146,18.52143040092719
2020-11-17,0.5149701873059446,18.59713708571119
2020-11-18,0.6420284369742499,18.672689657052025
2020-11-19,0.7621190452375161,18.747783765475315
2020-11-20,0.8730078822557485,18.82209303634185
2020-11-23,0.9729335785568638,18.895828334943282
2020-11-24,1.0608184023078238,18.96893482556459
2020-11-25,1.1342394691399436,19.041161914204633
2020-11-26,1.190851062619155,19.11210469945216
2020-11-27,1.2314430534845333,19.182127450898257
2020-11-30,1.2563738584421311,19.251211735875597
2020-12-01,1.2665183965339748,19.319694555834968
2020-12-02,1.261465407648103,19.387703841509975
2020-12-03,1.2419932061627512,19.455156815782495
2020-12-04,1.2087956129105724,19.522132661683816
2020-12-07,1.162229024754305,19.5886726676929
2020-12-08,1.1034574991985227,19.654531647417148
2020-12-09,1.0337412373954113,19.719630057718092
2020-12-10,0.9542945272712637,19.783868486288515
2020-12-11,0.8663542944192161,19.84726622294258
2020-12-14,0.7721701124450298,19.909888553292543
2020-12-15,0.6729402399937592,19.971633395021772
2020-12-16,0.5708831890763113,20.0325581574764
2020-12-17,0.46722678956422165,20.09254073951914
2020-12-18,0.3631222063692079,20.15146198762688
2020-12-21,0.26161527874602797,20.209407640776625
2020-12-22,0.16427374761024374,20.266491820384932
2020-12-23,0.07332565771214289,20.322923222563045
2020-12-24,-0.01064162550469,20.37898263754974
2020-12-29,-0.08657436234875668,20.434619464469577
2020-12-30,-0.15378329047557768,20.489705317057087
2020-12-31,-0.21137323302147448,20.54422346705597
2021-01-04,-0.2579619007900432,20.59840479178536
2021-01-05,-0.29414091201816706,20.65205705885976
2021-01-06,-0.31967720316985837,20.705464728455706
2021-01-07,-0.33426353098182937,20.758827598924963
2021-01-08,-0.34006186590101306,20.811964559348702
2021-01-11,-0.3385037586349977,20.864797345990485
2021-01-12,-0.3298569421805041,20.917363960624815
2021-01-13,-0.31553670996524086,20.969603492334475
2021-01-14,-0.29650043230938006,21.021612577782566
2021-01-15,-0.27408159017676004,21.073176409942725
2021-01-18,-0.24989048748662987,21.124154547553697
2021-01-19,-0.22326352594520177,21.17472251307367
2021-01-20,-0.19561940924420745,21.224690790666937
2021-01-21,-0.1671382750355483,21.274102168684756
2021-01-22,-0.13929868330588963,21.322866751980165
2021-01-25,-0.11196903042614813,21.3710892057408
2021-01-27,-0.08537590054681689,21.418780235489688
2021-01-28,-0.05986823232243721,21.465922694014296
2021-01-29,-0.034578695688573136,21.512566213930757
2021-02-01,-0.008409935250945966,21.558809216764924
2021-02-02,0.01792370647097752,21.604597035663073
2021-02-03,0.04343334254486166,21.649743088984895
2021-02-04,0.06695388321148749,21.69411341554244
2021-02-05,0.08896306939766006,21.737550108953595
2021-02-08,0.1083705827407626,21.779822783016755
2021-02-09,0.12454214197217292,21.821031824149625
2021-02-10,0.1388837794496939,21.861363204943526
2021-02-11,0.15191547983908768,21.900820881551144
2021-02-12,0.1633024680256799,21.939706999818487
2021-02-15,0.17346014500299328,21.978256700074493
2021-02-16,0.18206867396027895,22.01622250444618
2021-02-17,0.18879271157910435,22.053534940052362
2021-02-18,0.1939375425698564,22.09018330668213
2021-02-19,0.19783485246039853,22.12634971230894
2021-02-22,0.20173399894835553,22.162327585182595
2021-02-23,0.20709906501351702,22.198488908225542
2021-02-24,0.21342070708739355,22.234768181642984
2021-02-25,0.2208104806578526,22.271131805598976
2021-02-26,0.22863251523245287,22.30757475028623
2021-03-01,0.23785327805328918,22.34456999547827
2021-03-02,0.24755575845138683,22.381736892594333
2021-03-03,0.257589360125921,22.418936566878166
2021-03-04,0.2669268319419881,22.45591205460052
2021-03-05,0.27384704229476675,22.492480169444164
2021-03-08,0.2779616710832878,22.52868514082618
2021-03-09,0.27949269492626627,22.56430479503249
2021-03-10,0.27781578540367097,22.599306472048678
2021-03-11,0.2740587386002645,22.633851305083976
2021-03-12,0.26859322373260663,22.668019563170535
2021-03-15,0.261633990089699,22.70181261112514
2021-03-16,0.25314857218074177,22.735282570557498
2021-03-17,0.2430740867371909,22.768377025432383
2021-03-18,0.23152909151762063,22.80118334829292
2021-03-19,0.21945363535363788,22.833734121390737
2021-03-22,0.20740127900648508,22.866013663715595
2021-03-23,0.19496930967705559,22.89806126472322
2021-03-24,0.1831823508857941,22.92976842793931
2021-03-25,0.17266245925519288,22.961100380692095
2021-03-26,0.16339049903276767,22.991937579656415
2021-03-29,0.15503016337390668,23.022188598089553
2021-03-30,0.14779460754460677,23.051873360801874
2021-03-31,0.14222370924909777,23.0811390659001
2021-04-01,0.13822783586876775,23.109887031491734
2021-04-06,0.13563278968404802,23.138020475837198
2021-04-07,0.13397430525919837,23.16553676161361
2021-04-08,0.13302014140880894,23.192322345136457
2021-04-09,0.13198982016123842,23.218233904749138
2021-04-12,0.13038842835833137,23.24334868371742
2021-04-13,0.12783711361373853,23.267657112408003
2021-04-14,0.12442686959232989,23.291177683833
2021-04-15,0.12026271715389941,23.314001571672854
2021-04-16,0.11511072387272994,23.33608443996338
2021-04-19,0.10937341902612968,23.357491709342796
2021-04-20,0.10321633601636901,23.378307505357814
2021-04-21,0.09759208965521088,23.398432506093492
2021-04-22,0.09337748836824829,23.41803688257969
2021-04-23,0.09029321063264974,23.437077579998093
2021-04-26,0.0881293751381164,23.455678314586784
2021-04-27,0.08668335667930038,23.47371024066186
2021-04-28,0.0863375550999555,23.491175083524496
2021-04-29,0.08652462660303806,23.50796862002481
2021-04-30,0.087952643619467,23.524070542858098
2021-05-03,0.09129493233749389,23.53941354187745
2021-05-04,0.09516659783870407,23.553840683566783
2021-05-05,0.09930373617658105,23.56757954380454
2021-05-06,0.10350642954154941,23.58063348592937
2021-05-07,0.10999375738498224,23.593355729062385
2021-05-10,0.11812405618761712,23.605816235049833
2021-05-11,0.12715375814195298,23.617962425189926
2021-05-12,0.1379900908255131,23.629875474481732
2021-05-13,0.15140061581246042,23.64167564255913
2021-05-14,0.16725997139396265,23.65342623357119
2021-05-17,0.18492523025195676,23.664993747012193
2021-05-18,0.20446948235816176,23.676633218055777
2021-05-19,0.22486800013062694,23.688263704729806
2021-05-20,0.24694943583898066,23.699991916525647
2021-05-21,0.26940821920900854,23.711652273028385
2021-05-24,0.2921176042227078,23.723110607049776
2021-05-25,0.31455297145044464,23.73414243369997
2021-05-26,0.33568774221840586,23.74470089683492
2021-05-27,0.3552781802017981,23.754826681018585
2021-05-28,0.37301109683413525,23.764689011296753
2021-05-31,0.3877599687962409,23.773967737786528
2021-06-01,0.39924920649274315,23.782862608149085
2021-06-02,0.40764749013795015,23.79147759862052
2021-06-03,0.4119832571687657,23.79988542699092
2021-06-04,0.41087782304871706,23.808251117247888
2021-06-07,0.403011597704756,23.816449204371104
2021-06-08,0.39033551374813674,23.824931900167684
2021-06-09,0.37229428941915776,23.83372533357763
2021-06-10,0.349632178456156,23.84279074170649
2021-06-11,0.322226131669622,23.85211512228992
2021-06-15,0.2907744002307955,23.86166453086814
2021-06-16,0.25488685047080867,23.871363762029485
2021-06-17,0.21437889476988198,23.88108951731125
2021-06-18,0.1691534821337256,23.890782754331283
2021-06-21,0.12003916084715058,23.900435617205986
2021-06-22,0.06857544668381074,23.910248611873836
2021-06-23,0.014443427746070055,23.920052570595505
2021-06-24,-0.040725422175242956,23.929846207242885
2021-06-25,-0.09565503908950572,23.93968007078269
2021-06-28,-0.15013368188919612,23.949498941537406
2021-06-29,-0.20375494766163837,23.9594108826468
2021-06-30,-0.2562302509046796,23.969475200667283
2021-07-01,-0.3075275758930974,23.97964527987817
2021-07-02,-0.35690119709957846,23.99000251897002
2021-07-05,-0.4045025871965989,24.00042593898438
2021-07-06,-0.4501427584779443,24.01111490376494
2021-07-07,-0.4932670920361014,24.021989329811486
2021-07-08,-0.5344546083793813,24.033138634173557
2021-07-09,-0.5732038703081045,24.044623752999513
2021-07-12,-0.6088411494482951,24.056475974311848
2021-07-13,-0.6415599476563943,24.068722772661214
2021-07-14,-0.6712035048826196,24.081428194675258
2021-07-15,-0.6975188387213552,24.094614385978435
2021-07-16,-0.719496876463805,24.1083775046158
2021-07-19,-0.7366140221127788,24.122754164002863
2021-07-20,-0.7476523637456144,24.13785447119213
2021-07-21,-0.751723169139643,24.153711802190063
2021-07-22,-0.7493202983088477,24.17027522592412
2021-07-23,-0.7409019338317839,24.187392103581608
2021-07-26,-0.7263689790083828,24.205147782830252
2021-07-27,-0.7052783085520251,24.223592556678074
2021-07-28,-0.6776823399498996,24.24276579004131
2021-07-29,-0.6432217324019709,24.262640936218137
2021-07-30,-0.6015598002799198,24.28329357571013
2021-08-02,-0.5535521085113203,24.304868486948006
2021-08-03,-0.5009987158005934,24.327122299679054
2021-08-04,-0.44335243282116304,24.350008931537072
2021-08-05,-0.3804536856643292,24.373298397782392
2021-08-06,-0.3132238872859415,24.396882683766265
2021-08-09,-0.2427557976493988,24.420848771098903
2021-08-10,-0.17010298439188035,24.44505710939447
2021-08-11,-0.095977031904256,24.469477230197196
2021-08-12,-0.021741006011354574,24.494040897033646
2021-08-13,0.05178367454261223,24.51873445851508
2021-08-16,0.12238932178230623,24.543610125253053
2021-08-17,0.18939253430988104,24.568620154218408
2021-08-18,0.2528599716598094,24.593855448917974
2021-08-19,0.31145227735325687,24.61937609974126
2021-08-20,0.364929502881211,24.645203930998406
2021-08-23,0.4130576169828104,24.671350879598364
2021-08-24,0.4553990512835321,24.697831773203824
2021-08-25,0.49159073524621966,24.724595855192533
2021-08-26,0.5207511932897866,24.75141175780884
2021-08-27,0.5427536492002388,24.77848981686038
2021-08-30,0.5571956262161353,24.80574352832148
2021-08-31,0.564365080255748,24.833138112906482
2021-09-01,0.5639847392692101,24.860465458076856
2021-09-02,0.5547068800390089,24.887398074386287
2021-09-03,0.5362055174694712,24.913979588970765
2021-09-06,0.5086120155596353,24.939935347147966
2021-09-07,0.4718730932974198,24.965273257900577
2021-09-08,0.4270287549570062,24.99011568217574
2021-09-09,0.3743168177220714,25.014413011786036
2021-09-10,0.3156878394808378,25.03840323478182
2021-09-13,0.25178962846654934,25.062178795472764
2021-09-14,0.18427110880248096,25.085919604439106
2021-09-15,0.11411021163580182,25.109623069057562
2021-09-16,0.042840446686476547,25.133265743916947
2021-09-17,-0.028281726056892005,25.156711112942485
2021-09-20,-0.09741326707219315,25.180200844288393
2021-09-21,-0.16189549684925364,25.20394043177656
2021-09-22,-0.21993974755173318,25.227994032455207
2021-09-23,-0.2699903647353835,25.252398808748406
2021-09-24,-0.3116486983127228,25.277112615071392
2021-09-27,-0.3448489295849003,25.30196404356726
2021-09-28,-0.36973385281504145,25.326913049316584
2021-09-29,-0.38568905321114233,25.352001504009657
2021-09-30,-0.39207359051893925,25.377469960350254
2021-10-01,-0.39032334639298516,25.40304824909865
2021-10-04,-0.3789029270251711,25.4288680200847
2021-10-05,-0.35968874411182183,25.454866226145075
2021-10-06,-0.33304830925193757,25.48107807697188
2021-10-07,-0.29858836393332977,25.507429789690747
2021-10-08,-0.2582455451334642,25.533857724672572
2021-10-11,-0.21367829894038665,25.560182071228517
2021-10-12,-0.16559997979154165,25.586363355878802
2021-10-13,-0.11481566840683219,25.612319689572303
2021-10-14,-0.062399170160105995,25.638077746109715
2021-10-15,-0.009030435248297823,25.663504692983903
2021-10-18,0.044389084646335265,25.688544049562026
2021-10-19,0.09668009796418515,25.713184227798823
2021-10-20,0.14752444316959673,25.737478015261733
2021-10-21,0.19597127630084116,25.761257498420466
2021-10-22,0.24144427529233098,25.784379725934205
2021-10-25,0.2835535555348824,25.806837036701864
2021-10-26,0.32246784053244215,25.82847735666222
2021-10-27,0.35743676511786526,25.849172771982055
2021-10-28,0.386830917268595,25.868870716148802
2021-10-29,0.40990843455402,25.887522949134535
2021-11-01,0.42817057106727574,25.905536732095193
2021-11-02,0.4419819768338227,25.923079183602425
2021-11-03,0.45171277275386873,25.940323262806682
2021-11-04,0.45623482012322125,25.957130269410246
2021-11-05,0.45525895069862554,25.97341883104615
2021-11-08,0.44818453657586566,25.989132912351508
2021-11-09,0.434368819145484,26.004400948512504
2021-11-10,0.4141246976577403,26.019631985366463
2021-11-11,0.38444033518105303,26.03439047729844
2021-11-12,0.34691217214821973,26.049041081674154
2021-11-15,0.30188033265528447,26.06342477365975
2021-11-16,0.24961035414134408,26.07754076437945
2021-11-17,0.19160646909613427,26.091489835364957
2021-11-18,0.13007570502970492,26.105335460958752
2021-11-19,0.06680814571029395,26.119205758269125
2021-11-22,0.0037374165804156534,26.13305663649163
2021-11-23,-0.05690014646060418,26.147077402360356
2021-11-24,-0.11399903227072844,26.16094802564356
2021-11-25,-0.16605112484329243,26.174593607686546
2021-11-26,-0.211495581519068,26.18805889958278
2021-11-29,-0.2478080287581546,26.201798732522917
2021-11-30,-0.273089554468286,26.21607502446713
2021-12-01,-0.28712023247296725,26.230900892233958
2021-12-02,-0.2897850902826987,26.246235594796673
2021-12-03,-0.281477997220117,26.26190847550142
2021-12-06,-0.2632809376702112,26.27772041725474
2021-12-07,-0.2361124661702731,26.293788927303996
2021-12-08,-0.20166161035087957,26.31010696082028
2021-12-09,-0.16156647551808861,26.326539321045708
2021-12-10,-0.1170850500154964,26.34309898757593
2021-12-13,-0.06933613908274805,26.35988563922106
2021-12-14,-0.019199062899080223,26.37696948956123
2021-12-15,0.03194856733393728,26.394468771123133
2021-12-16,0.08256078683524334,26.412268803745448
2021-12-17,0.13127284533844913,26.43009808149219
2021-12-20,0.1766081683061033,26.44794156744707
2021-12-21,0.2180569710845249,26.466009548834638
2021-12-22,0.2539704288190441,26.484266361904137
2021-12-23,0.28382558504974226,26.502829214935346
2021-12-24,0.30621413855894314,26.521729502277196
2021-12-29,0.3200110552380123,26.54090729352351
2021-12-30,0.32383309964113494,26.56020118687834
2021-12-31,0.31705274356932023,26.57970812868626
2022-01-04,0.3118561232239984,26.591848024710902
2022-01-05,0.298278888121867,26.603648798000513
2022-01-06,0.27603440753790853,26.615028789825367
2022-01-07,0.24627722924325077,26.626093793230037
2022-01-10,0.20856236037038856,26.636807143997444
2022-01-11,0.16329421844889486,26.64725740421202
2022-01-12,0.1113905829076598,26.657479797519784
2022-01-13,0.053707789755922976,26.667480077138357
2022-01-14,-0.009259433438604026,26.677174908441074
2022-01-17,-0.07607119549656884,26.68662536298653
2022-01-18,-0.14557594973802523,26.695804864514116
2022-01-19,-0.2163726901858214,26.704754522362602
2022-01-20,-0.28636268290584954,26.71354282682686
2022-01-21,-0.3534688197911869,26.72235046560086
2022-01-24,-0.4155133268288099,26.731336176967446
2022-01-25,-0.4706815135081875,26.740550990213762
2022-01-27,-0.5159977415445738,26.750264675147633
2022-01-28,-0.5500057759538275,26.760597111005133
2022-01-31,-0.5725156006486283,26.771574177547574
2022-02-01,-0.581730730684929,26.78348870594277
2022-02-02,-0.5775756350486421,26.795954008583152
2022-02-03,-0.5600477299074609,26.8088253886806
2022-02-04,-0.5290824308774902,26.822032654849714
2022-02-07,-0.4851993873183188,26.83574491019084
2022-02-08,-0.42829272956794984,26.850198958177806
2022-02-09,-0.3596380120404291,26.865478029069767
2022-02-10,-0.2819086992728009,26.88141689350228
2022-02-11,-0.19931943776525385,26.897374846273575
2022-02-14,-0.11480679648710362,26.913799782281007
2022-02-15,-0.031260731057160235,26.930224648189988
2022-02-16,0.04936418192683384,26.94674896137704
2022-02-17,0.12458593914196978,26.963363857067502
2022-02-18,0.19230083574707968,26.979880231742847
2022-02-21,0.25203947609811117,26.99629229450574
2022-02-22,0.30227029453107135,27.012379345192574
2022-02-23,0.34359713757924776,27.028328185943682
2022-02-24,0.37621197622442837,27.044019277313346
2022-02-25,0.40214165649152833,27.060068857424803
2022-02-28,0.4233155575382574,27.076835600743237
2022-03-01,0.4404942237779619,27.09430060722133
2022-03-02,0.4537518273267541,27.11179572616766
2022-03-03,0.46608827106132067,27.129308209582568
2022-03-04,0.4783730748575908,27.146826821112057
2022-03-07,0.49302297004593676,27.16460166064137
2022-03-08,0.5136712728631476,27.183264697975268
2022-03-09,0.5418910948371498,27.20325386588541
2022-03-10,0.5774884321398331,27.224414366539232
2022-03-11,0.6166971902144522,27.246166227640035
2022-03-14,0.6607878327787056,27.269045747637644
2022-03-15,0.7085328863419138,27.29285282247176
2022-03-16,0.7595649486604064,27.31742692908473
2022-03-17,0.814504560681774,27.342608686579368
2022-03-18,0.8715228728526271,27.36791679037315
2022-03-21,0.9304202719911606,27.39347360374316
2022-03-22,0.9948136231624425,27.420352206767486
2022-03-23,1.0631500608910582,27.448512327967926
2022-03-24,1.132199708046182,27.476531092804322
2022-03-25,1.2010491931526908,27.50474249382753
2022-03-28,1.2746740358830784,27.53310943349892
2022-03-29,1.3518340283691175,27.56132403647688
2022-03-30,1.4325989052861132,27.589189100679384
2022-03-31,1.5084443710247204,27.616624736460334
